{"type": "metrics", "dataset": "train", "precision": 0.6784197111299916, "balanced_accuracy": 0.6456708243508835, "recall": 0.337989417989418, "f1_score": 0.4511936714225173}
{"type": "metrics", "dataset": "test", "precision": 0.6884920634920635, "balanced_accuracy": 0.6598595756530347, "recall": 0.3641133263378804, "f1_score": 0.47632120796156485}
{"type": "cm_matrix", "dataset": "train", "true_0": {"predicted_0": 15471, "predicted_1": 757}, "true_1": {"predicted_0": 3128, "predicted_1": 1597}}
{"type": "cm_matrix", "dataset": "test", "true_0": {"predicted_0": 6759, "predicted_1": 314}, "true_1": {"predicted_0": 1212, "predicted_1": 694}}
